{
  "iteration": 1,
  "samples_total": 63,
  "samples_mapped": 2,
  "samples_unmapped": [
    "ChaChaNut2.wav",
    "Crunch1.wav",
    "Guiro1.wav",
    "KnockFoley1.wav",
    "Metal-pipe-vibrating-B-minor.wav",
    "Tom1-001-CloseRoom.wav",
    "Tom2-004-CloseRoom.wav"
  ],
  "pairs_compared": 2,
  "mean_score": 116.21165669171607,
  "target_score": 12.0,
  "assumed_improvement": 0.72,
  "family_pitch_thresholds": {
    "membranes": 10.0,
    "mallets": 10.0,
    "wood": 10.0
  },
  "family_summary": {
    "other": {
      "count": 2,
      "f0_pct_mean": 87.95212073900598,
      "f0_pct_max": 96.72131147540983,
      "pitch_threshold_pct": null,
      "pitch_threshold_met": null
    }
  },
  "acceptance_state_counts": {
    "tunable_in_scope": 2,
    "architecture_backlog": 0,
    "out_of_scope_trace": 0
  },
  "results": [
    {
      "reference": "/home/user/logue-sdk/platform/drumlogue/ripplerx/samples/cymbal-Crash16Inch.wav",
      "rendered": "/home/user/logue-sdk/platform/drumlogue/ripplerx/rendered_batch/13_Cymbal.wav",
      "ref_features": {
        "f0_hz": 630.0,
        "attack_ms": 6.916099773242631,
        "t60_ms": 1234.6938775510205,
        "centroid_hz": 2541.1239353666424,
        "rolloff_hz": 3985.7958984375,
        "flatness": 0.6352515454375296,
        "crest": 4.635394848279705,
        "flux": 17.368006612272566,
        "inharm": 0.007682291666666667,
        "damping_ratio": 0.09369071000732043,
        "zcr": 0.5878100637845499,
        "spatial_width": 0.0,
        "mel_entropy": 0.9013120305166827,
        "centroid_decay_slope": 0.21368818558326325,
        "mode_tau1_ms": 185.54954529589872,
        "mode_tau2_ms": 381.19449978961006,
        "mode_tau3_ms": 464.4826091580755,
        "mode_e1": 0.6078261550964011,
        "mode_e2": 0.3142726446636698,
        "mode_e3": 0.07790120023992972
      },
      "ren_features": {
        "f0_hz": 131.14754098360655,
        "attack_ms": 0.0,
        "t60_ms": 533.25,
        "centroid_hz": 1418.6441216290928,
        "rolloff_hz": 2805.46875,
        "flatness": 0.15934128527904415,
        "crest": 20.48123193567481,
        "flux": 0.38998872712198007,
        "inharm": 0.0030208333333332795,
        "damping_ratio": 0.04075940989711621,
        "zcr": 0.17377715268010627,
        "spatial_width": 0.0,
        "mel_entropy": 0.9033452389497241,
        "centroid_decay_slope": -1.2005268985075093,
        "mode_tau1_ms": 95.3844831540539,
        "mode_tau2_ms": 77.91403430377724,
        "mode_tau3_ms": 10.245176138366187,
        "mode_e1": 0.972982180215208,
        "mode_e2": 0.02700861088360612,
        "mode_e3": 9.208901185246724e-06
      },
      "metrics": {
        "f0_pct": 79.18293000260213,
        "f0_ratio": 0.20817069997397863,
        "note_offset_semitones": -27.16993285545694,
        "attack_pct": 100.0,
        "t60_pct": 56.81115702479339,
        "centroid_pct": 44.17257254222015,
        "centroid_pitchnorm_pct": 62.711751292604305,
        "rolloff_pct": 29.6133364204677,
        "rolloff_pitchnorm_pct": 70.4246956188285,
        "flatness_pct": 74.91682052197169,
        "crest_pct": 77.36759750176141,
        "flux_pct": 97.75455677886254,
        "inharm_pct": 60.67796610169561,
        "damping_ratio_pct": 56.49578288612445,
        "zcr_pct": 70.43651284885098,
        "spatial_width_pct": 0.0,
        "mel_entropy_pct": 0.2250754579063534,
        "centroid_decay_slope_pct": 117.79953334231159,
        "mode_tau1_pct": 48.59352363168404,
        "mode_tau2_pct": 79.56055652776213,
        "mode_tau3_pct": 97.79428208153226,
        "mode_energy_l1": 0.7303120502376149,
        "centroid_corr_dist": 1.0,
        "mode_r1_pct": 0.009620112479367705,
        "mode_r2_pct": 0.020788109993962627,
        "mode_r3_pct": 0.19826898447427446,
        "mrstft_log_l1": 0.32797485947002597,
        "note_aligned_mrstft_log_l1": 0.32797485947002597,
        "timbre_vec_cosdist": 0.2465981477070035
      },
      "score": 114.69866497316146,
      "preset": "Cymbal",
      "family": "other",
      "preset_idx": 13,
      "render_note": 60,
      "sample": "cymbal-Crash16Inch.wav",
      "raw_score": 93.97809969706135,
      "arch_blocked": false,
      "arch_reasons": [],
      "acceptance_state": "tunable_in_scope",
      "suggestions": [
        "Adjust Dkay around 200 by \u00b110..20 (current mismatch on decay is high).",
        "Increase/decrease MlSt around 450 by ~50 to align attack sharpness.",
        "Shift Mterl around 28 by \u00b13..8 to rebalance brightness.",
        "Adjust NzMix around 40 by \u00b15..15 for noise/transient texture.",
        "Brightness decay trajectory mismatch; adjust transient LP/AP depth or early damping behavior.",
        "Late decay modes mismatch; refine Dkay and modal damping constants (if Stage-2 pilot is enabled).",
        "Brightness trajectory correlation is low; tune attack/transient filters rather than static brightness only.",
        "Pitch mismatch detected (-27.17 st); check Note parameter and model/delay coupling.",
        "Inharmonicity mismatch; try modest InHm and/or model change."
      ],
      "estimated_runs_to_target": 7
    },
    {
      "reference": "/home/user/logue-sdk/platform/drumlogue/ripplerx/samples/CrashA-001-CloseRoom.wav",
      "rendered": "/home/user/logue-sdk/platform/drumlogue/ripplerx/rendered_batch/13_Cymbal.wav",
      "ref_features": {
        "f0_hz": 4000.0,
        "attack_ms": 47.0,
        "t60_ms": 989.9999999999999,
        "centroid_hz": 2295.358830216049,
        "rolloff_hz": 3542.1875,
        "flatness": 0.6115697405317679,
        "crest": 6.412607798707645,
        "flux": 21.305702549527243,
        "inharm": 0.0,
        "damping_ratio": 0.04838205493828721,
        "zcr": 0.5879043600562588,
        "spatial_width": 0.0,
        "mel_entropy": 0.8926637126556041,
        "centroid_decay_slope": 0.6189336382448438,
        "mode_tau1_ms": 1628.5916208820622,
        "mode_tau2_ms": 754.8130380446472,
        "mode_tau3_ms": 914.9595384930524,
        "mode_e1": 0.4588492594099482,
        "mode_e2": 0.37012627804273107,
        "mode_e3": 0.17102446254731984
      },
      "ren_features": {
        "f0_hz": 131.14754098360655,
        "attack_ms": 0.0,
        "t60_ms": 533.25,
        "centroid_hz": 1418.6441216290928,
        "rolloff_hz": 2805.46875,
        "flatness": 0.15934128527904415,
        "crest": 20.48123193567481,
        "flux": 0.38998872712198007,
        "inharm": 0.0030208333333332795,
        "damping_ratio": 0.04075940989711621,
        "zcr": 0.17377715268010627,
        "spatial_width": 0.0,
        "mel_entropy": 0.9033452389497241,
        "centroid_decay_slope": -1.2005268985075093,
        "mode_tau1_ms": 95.3844831540539,
        "mode_tau2_ms": 77.91403430377724,
        "mode_tau3_ms": 10.245176138366187,
        "mode_e1": 0.972982180215208,
        "mode_e2": 0.02700861088360612,
        "mode_e3": 9.208901185246724e-06
      },
      "metrics": {
        "f0_pct": 96.72131147540983,
        "f0_ratio": 0.032786885245901634,
        "note_offset_semitones": -59.16884805075464,
        "attack_pct": 100.0,
        "t60_pct": 46.136363636363626,
        "centroid_pct": 38.19510470632759,
        "centroid_pitchnorm_pct": 94.69509897393867,
        "rolloff_pct": 20.798411998235554,
        "rolloff_pitchnorm_pct": 95.86032476455256,
        "flatness_pct": 73.94552497962134,
        "crest_pct": 68.6903218573587,
        "flux_pct": 98.16955706475574,
        "inharm_pct": 100.0,
        "damping_ratio_pct": 15.755108068257782,
        "zcr_pct": 70.44125465178097,
        "spatial_width_pct": 0.0,
        "mel_entropy_pct": 1.1824412011667762,
        "centroid_decay_slope_pct": 151.5551662369498,
        "mode_tau1_pct": 94.14313067002072,
        "mode_tau2_pct": 89.67770422916719,
        "mode_tau3_pct": 98.8802591035621,
        "mode_energy_l1": 1.0282658416105195,